ident,section,time_appear,time_disappear,alt_min_ft,alt_max_ft,label,notes
ASA767,1,13:17:27,13:18:32,12075,15250,Blocked,
UAL1670,1,13:21:08,13:28:49,37125,37150,Blocked,
SKW6430,1,13:31:32,13:34:42,10750,16425,Blocked,
SKW4939,1,13:40:50,13:47:02,20856,34765,Blocked,
SKW5005,1,13:45:39,13:53:18,19850,29023,Blocked,
SWA2659,1,13:53:34,14:00:20,27240,37985,Clear,
SWA2730,1,14:01:01,14:08:39,24900,33100,Clear,
UAL2377,1,14:07:15,14:07:23,37150,37150,Blocked,
UAL2431,1,14:08:46,14:18:10,37150,37175,Blocked,
SWA374,1,14:09:05,14:16:50,25025,36400,Clear,
SWA1654,1,14:14:21,14:22:10,24900,37150,Clear,
SWA2307,1,14:14:23,14:21:00,40050,40089,Clear,
SWA3023,1,14:15:09,14:23:12,40100,40125,Blocked,
SKW3293,1,14:24:26,14:35:07,35125,35150,Clear,
SWA3151,1,14:25:35,14:30:47,25652,32368,Blocked,
DAL1216,1,14:27:27,14:36:51,35075,35125,Clear,
SWA1322,1,14:31:35,14:39:24,23775,36323,Clear,
SKW3373,1,14:35:43,14:36:08,12375,13591,Blocked,
UAL477,1,14:36:53,14:41:55,24921,30800,Blocked,
SKW6427,1,14:46:57,14:55:49,37075,37100,Blocked,
UAL654,1,14:48:20,20:59:49,37075,40100,Clear,
DAL2534,1,14:51:58,15:01:16,35125,35200,Clear,
UAL1936,1,14:56:08,15:00:16,36100,36125,Blocked,
FFT3660,1,14:56:47,14:58:24,27986,30365,Blocked,
ENY3625,1,14:58:55,15:06:06,36175,36200,Clear,
AAL1412,1,14:59:19,15:05:45,36125,36150,Clear,
DAL2085,1,15:01:06,15:10:49,35200,35200,Clear,
SWA3911,1,15:01:22,15:05:05,21338,28913,Clear,
N477T,1,15:02:00,15:08:39,13705,13875,Clear,
AAL1981,1,15:04:14,15:11:59,34125,34175,Clear,
SKW4951,1,15:06:12,15:13:57,33225,33250,Clear,
DAL306,1,15:06:48,15:16:51,39175,39200,Persistent,
AAL1272,1,15:07:38,15:14:03,39125,39175,Clear,
ABX410,1,15:13:00,15:20:12,36100,36125,Dissipate < 10,
UAL1702,1,15:18:12,15:24:14,35175,35175,Blocked,
N6507V,1,15:19:59,15:23:51,8300,9700,Blocked,
SKW6325,1,15:22:32,15:26:57,20105,25194,Clear,
AAL1489,1,15:23:41,15:31:01,22363,34847,Clear,
VOI1882,1,15:24:52,15:29:22,19980,25150,Clear,
AAL1451,1,15:25:20,15:32:21,21228,32617,Clear,
SKW6307,1,15:25:51,15:28:45,10967,16450,Clear,
AAL3095,1,15:27:32,15:34:49,20967,32885,Clear,
AAL1055,1,15:27:50,15:35:19,34175,34200,Clear,
ATN3325,1,15:36:15,15:43:13,37075,37125,Clear,
SWA4229,1,15:37:37,15:47:31,41125,41150,Clear,
SWA268,1,15:40:23,15:46:25,41075,41100,Clear,
N4293B,1,15:43:05,20:15:17,8466,9650,Clear,
SCX3016,1,15:47:39,15:57:01,41109,41125,Clear,
UAL2600,1,15:49:14,15:58:17,35200,35225,Clear,
N772CC,1,15:49:31,15:51:22,8025,8625,Clear,
AAL1320,1,15:52:57,15:57:17,20063,25153,Clear,
FFT1426,1,15:55:30,16:03:01,38150,38175,Clear,
SWA1289,1,15:55:56,16:05:46,41125,41150,Clear,
SWA2250,1,16:06:31,16:15:26,39175,39200,Clear,
SWA1041,1,16:07:03,16:14:48,24925,37200,Clear,
DAL1112,1,16:07:09,16:14:31,40150,40175,Clear,
SWA3211,1,16:08:59,16:12:32,27608,32345,Clear,
AAL621,1,16:09:31,16:17:17,34150,34176,Clear,
SWA766,1,16:12:42,16:18:40,40150,41825,Clear,
SWA2378,1,16:12:44,16:20:13,40150,40175,Clear,
SKW5716,1,16:15:14,16:16:28,8050,9005,Clear,
N6510Y,1,16:15:16,16:16:09,9625,9675,Blocked,
N725TW,1,16:20:42,16:21:12,24475,25225,Blocked,
SWA1714,1,16:21:14,16:29:03,38175,38200,Dissipate < 10,
LYM400,1,16:21:55,16:25:07,26350,32575,Clear,
AAL1048,1,16:23:08,16:30:51,21300,31636,Clear,
DAL2586,1,16:25:16,16:26:38,40175,40175,Blocked,
SWA680,1,16:26:26,16:32:01,27413,34425,Blocked,
XSR724,1,16:26:36,16:32:58,44025,44075,Clear,
LXJ378,1,16:28:29,16:33:38,30725,32125,Blocked,
VOI7884,1,16:31:30,16:35:57,20050,25181,Blocked,
AAL2657,1,16:33:37,16:40:28,33150,33175,Blocked,
N525PB,1,16:34:20,16:39:16,46075,46100,Blocked,
JNX03,1,16:36:08,16:44:58,41375,42150,Clear,
EJA865,1,16:39:20,16:46:58,42100,42125,Clear,
SKW3300,1,16:40:22,16:47:11,36125,36150,Clear,
SWA1570,1,16:43:26,16:50:40,29263,38175,Blocked,
CAY481,1,16:46:24,16:53:40,38175,38200,Clear,
UAL2042,1,16:52:19,16:55:41,26622,30515,Blocked,
VNT716,1,16:54:01,17:01:28,36100,36125,Clear,
AAL1439,1,16:57:32,20:21:01,35150,36150,Clear,
SKW4971,1,16:58:07,19:36:37,35100,38175,Blocked,
GTI9565,1,17:00:29,17:07:34,12275,34053,Clear,
UAL1608,1,17:00:34,17:08:13,38175,38200,Persistent,
UAL496,1,17:00:42,17:08:27,36175,36200,Clear,
AAL515,1,17:02:24,17:09:59,36150,36150,Clear,
SWA4575,1,17:03:29,17:08:17,38150,38175,Clear,
AAL856,1,17:06:13,17:10:35,20030,24410,Blocked,
N137BR,1,17:09:16,17:11:23,18900,22025,Clear,
SKW4758,1,17:09:19,17:09:47,13100,14145,Blocked,
AAL1798,1,17:09:30,17:17:11,21154,27050,Clear,
EJA926,1,17:09:57,17:18:08,42125,42150,Clear,
EJA681,1,17:10:19,17:20:18,44050,44075,Clear,
VXP53,1,17:11:19,17:16:57,24614,34175,Blocked,
DAL946,1,17:15:22,17:23:01,38150,38238,Dissipate < 10,
N6886U,1,17:16:46,17:28:01,8744,13000,Blocked,
SWA2782,1,17:16:53,17:24:37,23750,33225,Clear,
SKW4680,1,17:18:26,17:27:20,35200,35225,Blocked,
AAL2512,1,17:21:01,17:28:59,36175,36200,Clear,
JSX750,1,17:21:18,17:26:41,18040,24450,Blocked,
ASA397,1,17:23:17,17:32:07,33150,33175,Clear,
SWA4711,1,17:24:28,17:32:06,39125,39150,Blocked,
SKW4916,1,17:25:16,22:23:14,33025,36275,Clear,
SWA3227,1,17:25:39,17:33:23,23750,35225,Clear,
N4SM,1,17:25:52,17:26:06,41125,41135,Blocked,
GDG495,1,17:26:46,17:33:44,41125,41150,Blocked,
JBU300,1,17:28:12,17:35:51,36200,36250,Clear,
ASA781,1,17:28:24,17:37:24,37200,37200,Clear,
SWA4872,1,17:28:27,17:29:06,8025,9275,Blocked,
SWA1401,1,17:28:28,17:36:14,23275,34775,Clear,
AAL2801,1,17:32:22,17:37:59,24938,32903,Blocked,
DAL450,1,17:32:27,17:41:58,33150,33200,Clear,
AAL1067,1,17:32:39,17:39:58,36050,36075,Clear,
SWA397,1,17:39:50,17:47:13,39175,39200,Blocked,
N910DP,1,17:44:00,17:51:09,44100,44150,Clear,
SWA3546,1,17:44:09,17:47:25,28388,32713,Blocked,
UAL1383,1,17:46:17,17:55:49,39200,39200,Clear,
EJA335,1,17:46:19,17:54:23,44100,44125,Blocked,
UAL2491,1,17:49:45,17:58:49,35200,35225,Blocked,
FFT3971,1,17:50:31,17:58:08,21306,35184,Clear,
UAL1990,1,17:51:26,17:57:56,40150,40175,Blocked,
UAL2074,1,17:53:11,17:53:17,33150,33150,Blocked,
UAL469,1,17:54:35,18:03:13,33150,33175,Blocked,
DAL1143,1,17:54:43,18:02:08,36175,36225,Blocked,
AAL1660,1,17:58:22,18:07:08,35200,35225,Clear,
N812BP,1,18:01:32,18:11:33,41100,41125,Clear,
SWA2380,1,18:02:22,18:09:37,40175,40200,Clear,
ASA433,1,18:06:41,18:15:30,37200,37200,Blocked,
N449RH,1,18:06:41,18:15:00,41075,41100,Clear,
UAL253,1,18:07:36,18:11:21,35175,35175,Dissipate < 10,
SWA3071,1,18:07:50,18:14:54,40150,40175,Blocked,
N807QS,1,18:11:33,18:16:57,42125,42175,Clear,
SKW6357,1,18:12:34,20:19:58,19800,30139,Clear,
AAL1024,1,18:12:53,18:18:53,36175,36225,Blocked,
SKW6208,1,18:13:20,22:50:44,33125,34150,Clear,
N6PC,1,18:15:38,18:21:17,42200,42250,Clear,
SWA2946,1,18:16:28,18:17:14,22038,24125,Blocked,
UAL1276,1,18:17:18,18:25:07,36175,36200,Blocked,
SKW6210,1,18:21:39,18:28:33,36225,36250,Clear,
EJA216,1,18:25:36,18:32:50,41125,41150,Blocked,
SWA336,1,18:26:47,18:34:10,39175,39175,Blocked,
EJA761,1,18:28:18,21:41:43,42050,44050,Blocked,
ASH6133,1,18:29:51,18:37:01,35225,35225,Blocked,
N3SW,1,18:33:13,18:39:11,18600,21852,Blocked,
SWA1709,1,18:33:25,18:41:10,24075,33175,Clear,
JBU857,1,18:34:53,18:42:26,21556,32165,Clear,
UAL1679,1,18:37:45,18:45:54,34125,34150,Blocked,
UAL8195,1,18:39:37,18:47:20,24125,35200,Clear,
DCM3160,1,18:40:54,18:45:30,18444,24242,Blocked,
DAL2568,1,18:44:57,18:52:22,36100,36150,Blocked,
DAL521,1,18:45:31,18:52:39,36175,36205,Blocked,
SKW3222,1,18:46:06,18:50:27,36200,36200,Dissipate > 10,
SWA2858,1,18:46:34,18:54:20,23588,35200,Clear,
UAL1621,1,18:49:40,18:57:24,36150,36175,Blocked,
AAL2382,1,18:50:54,18:58:11,21250,29200,Blocked,
DAL1948,1,18:50:55,18:56:30,36125,36150,Dissipate > 10,
AAL1308,1,18:53:51,18:56:54,35175,35175,Blocked,
SKW6499,1,18:54:36,18:57:55,9700,14400,Clear,
DAL894,1,18:55:35,19:00:45,35075,35100,Blocked,
N63HS,1,18:56:22,18:59:43,42125,42175,Blocked,
DAL811,1,18:56:51,19:04:27,34200,34275,Blocked,
EJA569,1,18:57:45,19:05:30,44025,44050,Blocked,
UAL378,1,18:57:58,19:03:05,24978,32265,Blocked,
UAL2085,1,19:03:51,19:10:19,34175,36175,Blocked,
AAL1167,1,19:06:40,19:12:02,34125,34200,Blocked,
SWA3941,1,19:06:40,19:13:39,40100,40150,Clear,
SWA2125,1,19:07:41,19:17:13,37175,37200,Clear,
SWA2525,1,19:13:30,19:17:56,26652,32663,Blocked,
N442FP,1,19:15:55,19:18:04,19204,23668,Clear,
LXJ571,1,19:16:48,19:27:05,44050,44075,Blocked,
SWA1883,1,19:17:29,19:24:47,40150,40200,Persistent,
UAL2209,1,19:18:05,19:24:51,36125,36150,Blocked,
N698VJ,1,19:18:40,19:24:05,12575,12750,Blocked,
N960JP,1,19:21:02,19:28:02,18382,20850,Blocked,
SWA711,1,19:23:35,19:27:43,42100,42100,Blocked,
SWA1648,1,19:24:02,19:31:58,38150,38175,Dissipate > 10,
SWA659,1,19:28:44,19:36:01,40125,40150,Clear,
N1910A,1,19:29:09,19:32:00,40101,40125,Blocked,
AAL229,1,19:30:46,19:37:13,39150,41150,Blocked,
TWY65,1,19:32:36,19:35:08,20850,21871,Clear,
SWA3401,1,19:33:07,19:39:18,38175,38200,Persistent,
ASA396,1,19:35:07,19:41:28,34125,34150,Clear,
AMX614,1,19:35:40,19:40:05,20020,25172,Clear,
N712BD,1,19:36:17,19:43:13,42150,42175,Clear,
CAL5382,1,19:36:32,19:43:40,36125,36150,Clear,
PCJ2,1,19:37:54,19:40:46,20825,20850,Clear,
UAL1571,1,19:38:49,19:45:59,36175,36200,Clear,
EJA326,1,19:40:50,19:44:40,19284,20850,Blocked,
SWA1221,1,19:42:57,19:54:14,39125,39150,Blocked,
SWA1578,1,19:43:10,19:49:50,40075,40075,Clear,
DAL1952,1,19:44:50,19:49:56,38175,38200,Clear,
JBU1700,1,19:46:12,19:53:02,36125,36150,Blocked,
SWA2810,1,19:48:07,19:55:57,23175,36675,Clear,
N238RM,1,19:51:24,19:58:35,42125,42150,Clear,
SWA3254,1,19:53:48,19:54:59,29896,31809,Blocked,
N619QS,1,19:55:20,19:57:54,20763,20778,Clear,
N7164N,1,19:55:34,19:58:40,9625,9650,Clear,
TWY501,1,19:58:09,20:06:15,44125,44150,Clear,
DAL749,1,19:58:52,20:06:15,36175,36200,Blocked,
FFT3659,1,19:59:10,20:06:51,21358,35150,Clear,
DAL867,1,20:00:44,20:08:11,34125,34175,Persistent,
SWA2679,1,20:01:25,20:07:45,26945,37575,Blocked,
EJA282,1,20:02:21,20:09:42,44075,44113,Blocked,
AAL2578,1,20:02:54,20:10:31,21225,34618,Clear,
WUP903,1,20:06:48,20:14:35,25284,35100,Clear,
SWA282,1,20:09:13,20:16:30,40075,40100,Clear,
SWA2519,1,20:18:56,20:26:47,23650,35075,Clear,
DAL1059,1,20:20:46,20:21:58,8185,9919,Blocked,
SWA2787,1,20:22:04,20:28:32,23925,32243,Blocked,
ASA659,1,20:24:08,20:28:20,38075,38100,Blocked,
FFT2424,1,20:26:58,20:32:48,28147,35875,Blocked,
SKW6289,1,20:27:51,20:31:07,12365,16425,Clear,
N103DE,1,20:28:08,20:34:26,40025,40025,Blocked,
N199CM,1,20:28:22,20:34:42,17642,22438,Blocked,
UAL278,1,20:33:51,20:41:20,23513,34747,Blocked,
AAL2039,1,20:37:37,20:42:46,19722,21534,Clear,
N700DS,1,20:41:06,20:48:17,24625,35175,Blocked,
WJA2120,1,20:41:07,20:45:45,36125,36150,Blocked,
KOW102,1,20:44:41,20:53:52,47950,48000,Blocked,
KAI61,1,20:46:55,20:48:56,14475,17878,Clear,
N406CM,1,20:46:58,20:56:16,18225,29437,Blocked,
N2320C,1,20:47:00,20:49:21,21292,26525,Clear,
AAL2008,1,20:47:55,23:57:16,33050,36100,Clear,
WJA2282,1,20:50:42,20:57:02,38050,38175,Persistent,
SKW5583,1,20:51:28,20:53:37,10846,15044,Clear,
UAL1148,1,20:54:05,20:55:44,24845,26905,Blocked,
FFT3131,1,20:56:35,21:06:14,39050,39125,Blocked,
AAL2163,1,20:58:31,21:03:27,25496,32250,Blocked,
UAL2237,1,20:59:28,21:06:50,36075,36100,Blocked,
ENY3918,1,20:59:58,23:25:25,22600,32713,Clear,
AAL1083,1,21:00:27,21:07:40,21300,33125,Clear,
UAL2460,1,21:01:10,21:10:33,37100,39075,Blocked,
AAL2378,1,21:03:40,21:06:18,26596,30704,Blocked,
SWA1922,1,21:04:39,21:09:30,23863,26975,Blocked,
N701QS,1,21:06:10,21:13:23,39605,42100,Clear,
AAL994,1,21:09:06,21:15:21,32975,33025,Blocked,
A00806,1,21:09:10,21:14:50,16150,23757,Blocked,
WJA2214,1,21:09:54,21:12:05,38125,38125,Clear,
AAL2432,1,21:09:56,21:15:50,24848,33132,Blocked,
AAL2664,1,21:13:56,21:21:30,21350,32348,Blocked,
N500DA,1,21:15:56,21:22:15,44050,44050,Blocked,
SWA580,1,21:16:30,21:22:37,40025,40050,Clear,
SWA47,1,21:17:39,21:25:24,40125,40150,Blocked,
SWA1697,1,21:17:46,21:22:17,25348,31888,Blocked,
AAL3056,1,21:18:09,21:23:36,26331,33538,Blocked,
WSN2,1,21:18:43,21:25:24,17825,23467,Blocked,
AAL1687,1,21:19:51,21:27:47,34075,34125,Blocked,
UAL517,1,21:21:47,21:28:07,38100,38125,Persistent,
TWY650,1,21:21:55,21:26:05,31480,35790,Blocked,
N213RE,1,21:25:02,21:37:17,28150,28150,Blocked,
JLG918,1,21:27:30,21:30:58,16719,17475,Clear,
AAL1974,1,21:29:47,21:37:30,21164,35075,Clear,
N710WC,1,21:31:41,21:36:45,8354,14225,Blocked,
SWA385,1,21:32:10,21:41:51,37125,37125,Clear,
JBU100,1,21:37:42,21:44:05,36050,36075,Blocked,
N636SD,1,21:39:13,21:47:13,36075,36100,Blocked,
EJA883,1,21:40:47,21:48:04,44000,44025,Blocked,
ENY4019,1,21:40:52,21:45:13,22733,27075,Clear,
ASA260,1,21:43:28,21:48:51,34125,34125,Dissipate < 10,
SWA342,1,21:45:25,21:53:03,38125,38125,Blocked,
SWA3154,1,21:45:32,21:49:37,26950,33159,Blocked,
SWA3259,1,21:45:38,21:51:58,25606,35464,Blocked,
SWA467,1,21:46:10,21:53:29,39075,39100,Blocked,
AAL1943,1,21:46:25,21:53:31,38100,38100,Blocked,
SWA2248,1,21:47:04,21:48:01,8050,9425,Blocked,
SWA4755,1,21:47:50,21:54:51,38150,38150,Blocked,
SWA1188,1,21:52:58,22:00:02,38100,38125,Blocked,
DAL2251,1,21:54:19,21:55:45,11475,14730,Blocked,
UAL245,1,21:54:26,21:58:46,39075,39075,Blocked,
SWA3168,1,21:54:49,22:02:29,23575,31050,Clear,
N962A,1,21:56:26,22:01:14,18700,23742,Blocked,
SWA1756,1,21:56:58,22:04:44,23050,31050,Clear,
SWA376,1,21:59:01,22:06:53,23475,35125,Clear,
WUP94,1,22:02:46,22:05:10,10668,14350,Blocked,
AAL2768,1,22:03:44,22:06:47,11628,17450,Clear,
AAL1466,1,22:05:17,22:12:56,21191,35175,Clear,
N86PC,1,22:07:58,22:19:14,39125,39125,Clear,
N280JM,1,22:09:31,22:16:35,18575,29433,Blocked,
AAL2430,1,22:11:41,22:18:18,36075,36100,Blocked,
UAL2221,1,22:12:37,22:17:35,38025,38025,Blocked,
WJA2615,1,22:13:36,22:20:14,37025,37075,Clear,
ASA432,1,22:13:42,22:21:10,36075,36075,Blocked,
UAL2466,1,22:20:04,22:22:15,34075,34075,Blocked,
AAL2715,1,22:25:46,22:33:28,19890,33511,Blocked,
N390DP,1,22:25:59,22:28:27,22288,24830,Clear,
AAL3044,1,22:27:38,22:32:00,21906,26975,Clear,
AAL2431,1,22:31:53,22:38:54,38125,38125,Dissipate < 10,
AAL2747,1,22:32:54,22:38:55,35075,35150,Clear,
AAL971,1,22:34:08,22:41:52,21291,35100,Clear,
AAL3300,1,22:35:54,22:42:21,38125,38149,Clear,
N8175P,1,22:38:15,22:41:46,10150,10419,Blocked,
EJA511,1,22:38:34,22:46:12,42100,42125,Clear,
XAGJC,1,22:40:43,22:43:22,13213,19175,Blocked,
EJA852,1,22:40:52,22:48:32,42050,42050,Blocked,
AAL2050,1,22:40:58,22:49:07,35100,35150,Dissipate < 10,
EJA269,1,22:41:28,22:51:35,39125,39150,Blocked,
UAL2319,1,22:44:06,22:55:14,39100,39100,Clear,
AAL2978,1,22:45:53,22:49:44,20000,25103,Clear,
SKW6490,1,22:48:09,22:52:14,20071,25520,Clear,
SWA1299,1,22:49:40,22:54:02,23600,26946,Clear,
AAL2677,1,22:51:42,22:56:00,22050,26975,Clear,
RKJ736,1,22:52:34,22:59:40,42050,42075,Clear,
SWA2021,1,22:53:38,22:58:00,23525,26950,Blocked,
UAL1798,1,22:54:19,23:02:12,24275,35100,Clear,
SWA3495,1,22:54:24,23:01:26,40100,40125,Clear,
SWA2218,1,22:54:49,22:55:17,23875,23875,Blocked,
SWA2232,1,22:57:51,23:00:02,26393,29295,Blocked,
UAL2152,1,22:59:18,23:03:54,34125,34200,Clear,
UAL465,1,22:59:24,23:06:42,38100,38125,Clear,
UAL1066,1,22:59:27,23:02:43,27838,31750,Blocked,
AAL2860,1,23:00:20,23:08:00,21150,31813,Clear,
CNK9,1,23:04:42,23:10:49,39113,39225,Clear,
FFT1756,1,23:06:53,23:13:40,36150,36175,Clear,
SKW4080,1,23:07:46,23:18:49,35150,35175,Clear,
UAL1688,1,23:10:05,23:20:47,35100,35100,Clear,
DAL622,1,23:11:24,23:19:05,38100,38125,Clear,
ASA2613,1,23:12:36,23:19:55,42125,42150,Clear,
SWA2287,1,23:13:40,23:20:03,38125,38125,Clear,
N3918Y,1,23:18:41,23:23:18,44200,44250,Clear,
SWA3103,1,23:19:29,23:24:49,26569,34292,Clear,
SWA1482,1,23:19:56,23:26:18,38125,38125,Clear,
SKW4973,1,23:21:56,23:22:41,16575,16575,Blocked,
UAL1913,1,23:23:44,23:32:47,33100,33100,Clear,
ENY3835,1,23:31:07,23:38:55,22583,34441,Clear,
SKW3332,1,23:31:45,23:39:41,36125,36125,Clear,
LXJ461,1,23:38:08,23:45:54,46075,46100,Clear,
JBU2010,1,23:39:47,23:45:52,36150,36175,Clear,
N625SC,1,23:42:44,23:49:59,21292,34450,Clear,
OAE3943,1,23:45:15,23:54:05,34875,34875,Clear,
SKW3220,1,23:45:49,23:53:51,33100,33100,Clear,
N421SC,1,23:47:10,23:54:54,22567,34550,Clear,
SWA1121,1,23:52:22,23:59:03,25964,36975,Clear,
FLE2801,1,23:52:49,23:55:15,37150,37175,Dissipate > 10,
SWA4034,1,23:53:16,23:59:31,38100,38125,Clear,
DAL876,1,23:56:30,23:59:31,37075,37075,Clear,